"Status","Start Time","Stop Time","Duration in ms","Parent Suite","Suite","Sub Suite","Test Class","Test Method","Name","Description"
"unknown","Tue Apr 04 09:38:48 IST 2023","Tue Apr 04 09:39:25 IST 2023","37620","","My Login application","","","","User prompt while wrong user ID",""
"broken","Tue Apr 04 09:37:56 IST 2023","Tue Apr 04 09:38:06 IST 2023","10180","","My Login application","","","","User will able to edit ID and Password And Login",""
"unknown","Mon Apr 03 18:18:17 IST 2023","Mon Apr 03 18:18:53 IST 2023","35301","","My Login application","","","","User prompt while wrong user ID",""
"passed","Mon Apr 03 17:55:19 IST 2023","Mon Apr 03 17:56:07 IST 2023","47979","","My Login application","","","","should login with valid credentials",""
"unknown","Tue Apr 04 09:37:30 IST 2023","Tue Apr 04 09:38:06 IST 2023","35947","","My Login application","","","","User prompt while wrong user ID",""
"broken","Mon Apr 03 18:17:37 IST 2023","Mon Apr 03 18:17:47 IST 2023","10166","","My Login application","","","","User will able to edit ID and Password And Login",""
"passed","Tue Apr 04 09:43:14 IST 2023","Tue Apr 04 09:43:21 IST 2023","6907","","My Login application","","","","User will able to edit ID and Password And Login",""
"passed","Mon Apr 03 18:01:29 IST 2023","Mon Apr 03 18:01:35 IST 2023","6593","","My Login application","","","","User will able to edit ID and Password And Login",""
"passed","Tue Apr 04 09:42:45 IST 2023","Tue Apr 04 09:43:14 IST 2023","29564","","My Login application","","","","User prompt while wrong user ID",""
"broken","Mon Apr 03 18:13:41 IST 2023","Mon Apr 03 18:13:51 IST 2023","10082","","My Login application","","","","User will able to edit ID and Password And Login",""
"unknown","Mon Apr 03 18:17:11 IST 2023","Mon Apr 03 18:17:47 IST 2023","35946","","My Login application","","","","User prompt while wrong user ID",""
"broken","Mon Apr 03 17:37:29 IST 2023","Mon Apr 03 17:38:19 IST 2023","49897","","My Login application","","","","should login with valid credentials",""
"unknown","Mon Apr 03 18:18:43 IST 2023","Mon Apr 03 18:18:53 IST 2023","10149","","My Login application","","","","User will able to edit ID and Password And Login",""
"unknown","Mon Apr 03 18:06:07 IST 2023","Mon Apr 03 18:06:42 IST 2023","35386","","My Login application","","","","User prompt while wrong user ID",""
"passed","Mon Apr 03 17:47:15 IST 2023","Mon Apr 03 17:48:01 IST 2023","46111","","My Login application","","","","should login with valid credentials",""
"passed","Tue Apr 04 09:37:17 IST 2023","Tue Apr 04 09:37:30 IST 2023","12850","","My Login application","","","","User will able to Put Org ID",""
"broken","Mon Apr 03 18:10:54 IST 2023","Mon Apr 03 18:11:04 IST 2023","10180","","My Login application","","","","User will able to edit ID and Password And Login",""
"passed","Mon Apr 03 18:08:58 IST 2023","Mon Apr 03 18:09:11 IST 2023","13143","","My Login application","","","","User will able to Put Org ID",""
"passed","Mon Apr 03 17:32:02 IST 2023","Mon Apr 03 17:32:48 IST 2023","46172","","My Login application","","","","should login with valid credentials",""
"unknown","Tue Apr 04 09:39:15 IST 2023","Tue Apr 04 09:39:25 IST 2023","10140","","My Login application","","","","User will able to edit ID and Password And Login",""
"unknown","Mon Apr 03 18:13:16 IST 2023","Mon Apr 03 18:13:51 IST 2023","35404","","My Login application","","","","User prompt while wrong user ID",""
"unknown","Mon Apr 03 18:09:11 IST 2023","Mon Apr 03 18:09:47 IST 2023","35437","","My Login application","","","","User prompt while wrong user ID",""
"passed","Tue Apr 04 09:39:55 IST 2023","Tue Apr 04 09:40:08 IST 2023","12689","","My Login application","","","","User will able to Put Org ID",""
"passed","Mon Apr 03 18:10:15 IST 2023","Mon Apr 03 18:10:28 IST 2023","12729","","My Login application","","","","User will able to Put Org ID",""
"passed","Tue Apr 04 09:40:08 IST 2023","Tue Apr 04 09:40:37 IST 2023","29616","","My Login application","","","","User prompt while wrong user ID",""
"passed","Mon Apr 03 18:13:03 IST 2023","Mon Apr 03 18:13:16 IST 2023","13042","","My Login application","","","","User will able to Put Org ID",""
"passed","Mon Apr 03 18:05:54 IST 2023","Mon Apr 03 18:06:07 IST 2023","12822","","My Login application","","","","User will able to Put Org ID",""
"passed","Mon Apr 03 18:01:01 IST 2023","Mon Apr 03 18:01:29 IST 2023","27695","","My Login application","","","","User prompt while wrong user ID",""
"broken","Mon Apr 03 18:06:32 IST 2023","Mon Apr 03 18:06:42 IST 2023","10176","","My Login application","","","","User will able to edit ID and Password And Login",""
"passed","Tue Apr 04 09:38:30 IST 2023","Tue Apr 04 09:38:48 IST 2023","17619","","My Login application","","","","User will able to Put Org ID",""
"passed","Mon Apr 03 18:16:58 IST 2023","Mon Apr 03 18:17:11 IST 2023","12586","","My Login application","","","","User will able to Put Org ID",""
"unknown","Mon Apr 03 18:10:28 IST 2023","Mon Apr 03 18:11:04 IST 2023","35739","","My Login application","","","","User prompt while wrong user ID",""
"passed","Mon Apr 03 18:18:05 IST 2023","Mon Apr 03 18:18:17 IST 2023","12955","","My Login application","","","","User will able to Put Org ID",""
"broken","Mon Apr 03 18:09:37 IST 2023","Mon Apr 03 18:09:47 IST 2023","10093","","My Login application","","","","User will able to edit ID and Password And Login",""
"passed","Tue Apr 04 09:42:32 IST 2023","Tue Apr 04 09:42:45 IST 2023","12531","","My Login application","","","","User will able to Put Org ID",""
"unknown","Tue Apr 04 09:40:37 IST 2023","Tue Apr 04 09:40:51 IST 2023","14320","","My Login application","","","","User will able to edit ID and Password And Login",""
"passed","Mon Apr 03 18:00:48 IST 2023","Mon Apr 03 18:01:01 IST 2023","12723","","My Login application","","","","User will able to Put Org ID",""
